------------- Inserción de Datos Estaciones ------------- 
insert into estaciones (idestaciones, nombre, direccion) values (1, 'Larson Inc', '77 Granby Way');
insert into estaciones (idestaciones, nombre, direccion) values (2, 'Walter-Schuster', '851 Hintze Point');
insert into estaciones (idestaciones, nombre, direccion) values (3, 'Windler-Christiansen', '346 Shopko Plaza');
insert into estaciones (idestaciones, nombre, direccion) values (4, 'Howe Group', '1186 Sutherland Street');
insert into estaciones (idestaciones, nombre, direccion) values (5, 'Murazik-Ratke', '07587 Hintze Junction');
insert into estaciones (idestaciones, nombre, direccion) values (6, 'Olson, Schneider and Fahey', '4065 Cherokee Hill');
insert into estaciones (idestaciones, nombre, direccion) values (7, 'Halvorson-Bradtke', '8158 Bobwhite Avenue');
insert into estaciones (idestaciones, nombre, direccion) values (8, 'Lehner-Treutel', '1567 Doe Crossing Hill');
insert into estaciones (idestaciones, nombre, direccion) values (9, 'Abshire-Ebert', '5 Drewry Pass');
insert into estaciones (idestaciones, nombre, direccion) values (10, 'Cruickshank-Ebert', '07 Warner Place');
insert into estaciones (idestaciones, nombre, direccion) values (11, 'Ratke-Rodriguez', '13919 Susan Plaza');
insert into estaciones (idestaciones, nombre, direccion) values (12, 'White, Borer and O''Connell', '5 Arapahoe Terrace');
insert into estaciones (idestaciones, nombre, direccion) values (13, 'Mante LLC', '64 Annamark Pass');
insert into estaciones (idestaciones, nombre, direccion) values (14, 'Lowe Inc', '358 Cordelia Plaza');
insert into estaciones (idestaciones, nombre, direccion) values (15, 'Wilkinson-Ritchie', '8 Beilfuss Court');
insert into estaciones (idestaciones, nombre, direccion) values (16, 'Fritsch, Walter and Botsford', '06232 Westport Road');
insert into estaciones (idestaciones, nombre, direccion) values (17, 'Waters, Purdy and McDermott', '97 Eggendart Point');
insert into estaciones (idestaciones, nombre, direccion) values (18, 'Spencer LLC', '3 Oxford Place');
insert into estaciones (idestaciones, nombre, direccion) values (19, 'Gutmann and Sons', '80 Florence Terrace');
insert into estaciones (idestaciones, nombre, direccion) values (20, 'Hane-Daniel', '49215 Myrtle Point');
insert into estaciones (idestaciones, nombre, direccion) values (21, 'Marvin and Sons', '3378 Talisman Terrace');
insert into estaciones (idestaciones, nombre, direccion) values (22, 'Price-Koelpin', '27 Cody Road');
insert into estaciones (idestaciones, nombre, direccion) values (23, 'McCullough-Jaskolski', '48 Reindahl Alley');
insert into estaciones (idestaciones, nombre, direccion) values (24, 'Labadie LLC', '2327 Maryland Point');
insert into estaciones (idestaciones, nombre, direccion) values (25, 'Hoeger, Ernser and Runolfsdottir', '0 Delaware Street');
insert into estaciones (idestaciones, nombre, direccion) values (26, 'Reichel, Spencer and Hettinger', '8447 Portage Crossing');
insert into estaciones (idestaciones, nombre, direccion) values (27, 'Dickinson Group', '888 Kensington Road');
insert into estaciones (idestaciones, nombre, direccion) values (28, 'Klein, VonRueden and Hahn', '36031 Upham Circle');
insert into estaciones (idestaciones, nombre, direccion) values (29, 'Romaguera Group', '60112 Florence Terrace');
insert into estaciones (idestaciones, nombre, direccion) values (30, 'Turcotte Inc', '42 Saint Paul Hill');
insert into estaciones (idestaciones, nombre, direccion) values (31, 'Lesch, Mayer and Mraz', '429 Logan Court');
insert into estaciones (idestaciones, nombre, direccion) values (32, 'Schaden Inc', '654 Walton Lane');
insert into estaciones (idestaciones, nombre, direccion) values (33, 'Bednar-Wunsch', '3 Birchwood Hill');
insert into estaciones (idestaciones, nombre, direccion) values (34, 'Collier-Braun', '64421 Russell Crossing');
insert into estaciones (idestaciones, nombre, direccion) values (35, 'Larkin, Schmeler and Abernathy', '2423 Westerfield Point');
insert into estaciones (idestaciones, nombre, direccion) values (36, 'Auer-Sauer', '780 Mayfield Hill');
insert into estaciones (idestaciones, nombre, direccion) values (37, 'Hane-Baumbach', '06994 Northwestern Terrace');
insert into estaciones (idestaciones, nombre, direccion) values (38, 'Abernathy, Goodwin and Kris', '5 Dixon Circle');
insert into estaciones (idestaciones, nombre, direccion) values (39, 'Murphy, Feeney and Sauer', '62086 Porter Circle');
insert into estaciones (idestaciones, nombre, direccion) values (40, 'Runolfsdottir-Cartwright', '360 Vahlen Hill');
insert into estaciones (idestaciones, nombre, direccion) values (41, 'Bergstrom Inc', '75 Utah Park');
insert into estaciones (idestaciones, nombre, direccion) values (42, 'Brown, Dietrich and Jakubowski', '8749 Forest Run Parkway');
insert into estaciones (idestaciones, nombre, direccion) values (43, 'King and Sons', '528 Toban Point');
insert into estaciones (idestaciones, nombre, direccion) values (44, 'Legros, Bahringer and Zboncak', '981 Pleasure Plaza');
insert into estaciones (idestaciones, nombre, direccion) values (45, 'Christiansen, Kreiger and Hermiston', '47 Hanson Alley');
insert into estaciones (idestaciones, nombre, direccion) values (46, 'Farrell-Wolff', '5570 Melrose Center');
insert into estaciones (idestaciones, nombre, direccion) values (47, 'Aufderhar, Veum and Hettinger', '5004 Lukken Trail');
insert into estaciones (idestaciones, nombre, direccion) values (48, 'Heaney, Friesen and Lehner', '2304 Heath Junction');
insert into estaciones (idestaciones, nombre, direccion) values (49, 'Thompson and Sons', '57574 International Place');
insert into estaciones (idestaciones, nombre, direccion) values (50, 'Grant-O''Keefe', '3255 Northwestern Trail');
insert into estaciones (idestaciones, nombre, direccion) values (51, 'Vandervort, Huels and Hermiston', '8 Forest Dale Terrace');
insert into estaciones (idestaciones, nombre, direccion) values (52, 'Koelpin-Beer', '4 Hanover Parkway');
insert into estaciones (idestaciones, nombre, direccion) values (53, 'Robel-Homenick', '4182 Merry Crossing');
insert into estaciones (idestaciones, nombre, direccion) values (54, 'Deckow-Runolfsdottir', '7 Bluestem Court');
insert into estaciones (idestaciones, nombre, direccion) values (55, 'Wilderman and Sons', '64 Bultman Trail');
insert into estaciones (idestaciones, nombre, direccion) values (56, 'Wuckert LLC', '3 Jenifer Circle');
insert into estaciones (idestaciones, nombre, direccion) values (57, 'Bernier, Howe and Hettinger', '0 Parkside Junction');
insert into estaciones (idestaciones, nombre, direccion) values (58, 'Sporer-Hamill', '09 Blackbird Crossing');
insert into estaciones (idestaciones, nombre, direccion) values (59, 'Tillman-Larson', '2 Pierstorff Terrace');
insert into estaciones (idestaciones, nombre, direccion) values (60, 'Dibbert Group', '45603 Golf Center');
insert into estaciones (idestaciones, nombre, direccion) values (61, 'Romaguera-Ortiz', '61 Vidon Drive');
insert into estaciones (idestaciones, nombre, direccion) values (62, 'Lubowitz, Buckridge and Kuhn', '0 Erie Crossing');
insert into estaciones (idestaciones, nombre, direccion) values (63, 'Kreiger, Nolan and Ritchie', '3983 Mcbride Circle');
insert into estaciones (idestaciones, nombre, direccion) values (64, 'Reichel, Cassin and Moen', '06567 Bay Crossing');
insert into estaciones (idestaciones, nombre, direccion) values (65, 'Funk, Spinka and Fahey', '69 Sunbrook Way');
insert into estaciones (idestaciones, nombre, direccion) values (66, 'Conn-Ondricka', '4 American Pass');
insert into estaciones (idestaciones, nombre, direccion) values (67, 'Wuckert and Sons', '2382 Sauthoff Pass');
insert into estaciones (idestaciones, nombre, direccion) values (68, 'Rohan-Hauck', '50204 Merry Center');
insert into estaciones (idestaciones, nombre, direccion) values (69, 'Lemke and Sons', '84 Village Lane');
insert into estaciones (idestaciones, nombre, direccion) values (70, 'Senger, McCullough and Braun', '05025 Oak Lane');
insert into estaciones (idestaciones, nombre, direccion) values (71, 'Ratke LLC', '3 Northridge Avenue');
insert into estaciones (idestaciones, nombre, direccion) values (72, 'Schroeder-Welch', '3325 Washington Point');
insert into estaciones (idestaciones, nombre, direccion) values (73, 'Kutch Inc', '24725 Northview Place');
insert into estaciones (idestaciones, nombre, direccion) values (74, 'Harris, Hermiston and Bernhard', '451 Nelson Crossing');
insert into estaciones (idestaciones, nombre, direccion) values (75, 'Paucek Group', '17 Rowland Road');
insert into estaciones (idestaciones, nombre, direccion) values (76, 'Hansen-Lueilwitz', '06 Service Hill');
insert into estaciones (idestaciones, nombre, direccion) values (77, 'Langosh and Sons', '9711 Luster Way');
insert into estaciones (idestaciones, nombre, direccion) values (78, 'Hettinger, O''Hara and Morissette', '9 Scoville Terrace');
insert into estaciones (idestaciones, nombre, direccion) values (79, 'McCullough-Schmitt', '5018 Maryland Place');
insert into estaciones (idestaciones, nombre, direccion) values (80, 'Harris-Rogahn', '5 Haas Circle');
insert into estaciones (idestaciones, nombre, direccion) values (81, 'Kuphal-Hackett', '55 Ridge Oak Junction');
insert into estaciones (idestaciones, nombre, direccion) values (82, 'Kerluke LLC', '93 Spenser Parkway');
insert into estaciones (idestaciones, nombre, direccion) values (83, 'Gusikowski and Sons', '04515 Sherman Way');
insert into estaciones (idestaciones, nombre, direccion) values (84, 'Hyatt-Botsford', '2 Charing Cross Park');
insert into estaciones (idestaciones, nombre, direccion) values (85, 'Mante-Watsica', '4817 Warner Center');
insert into estaciones (idestaciones, nombre, direccion) values (86, 'Ratke Inc', '4 Lukken Parkway');
insert into estaciones (idestaciones, nombre, direccion) values (87, 'Klocko Inc', '95 Mandrake Plaza');
insert into estaciones (idestaciones, nombre, direccion) values (88, 'Hamill Group', '044 Dawn Terrace');
insert into estaciones (idestaciones, nombre, direccion) values (89, 'Denesik-Bins', '79 Cambridge Road');
insert into estaciones (idestaciones, nombre, direccion) values (90, 'Mante-Ferry', '40 Union Crossing');
insert into estaciones (idestaciones, nombre, direccion) values (91, 'Schuppe, Thompson and Howell', '7086 Toban Avenue');
insert into estaciones (idestaciones, nombre, direccion) values (92, 'Schuster LLC', '12337 Corscot Lane');
insert into estaciones (idestaciones, nombre, direccion) values (93, 'Jast-Crooks', '6908 Acker Pass');
insert into estaciones (idestaciones, nombre, direccion) values (94, 'Marks-Gusikowski', '04982 Maple Wood Trail');
insert into estaciones (idestaciones, nombre, direccion) values (95, 'Bauch, Abernathy and Trantow', '10235 Mockingbird Lane');
insert into estaciones (idestaciones, nombre, direccion) values (96, 'Douglas-Beahan', '28 Maywood Lane');
insert into estaciones (idestaciones, nombre, direccion) values (97, 'Quitzon and Sons', '6002 Springs Junction');
insert into estaciones (idestaciones, nombre, direccion) values (98, 'Welch, Swift and Beer', '81339 Gina Parkway');
insert into estaciones (idestaciones, nombre, direccion) values (99, 'Kihn, Johnston and Goodwin', '021 Namekagon Alley');
insert into estaciones (idestaciones, nombre, direccion) values (100, 'Beahan and Sons', '7272 Dryden Hill');

------------- Inserción de Datos Pasajeros ------------- 
insert into pasajeros (idpasajeros, nombre, direccionresidencia, fechanacimiento) values (1, 'Durante Eldritt', '0 Hudson Street', '2008-07-22');
insert into pasajeros (idpasajeros, nombre, direccionresidencia, fechanacimiento) values (2, 'Dolorita Habeshaw', '2 Sauthoff Center', '2001-06-27');
insert into pasajeros (idpasajeros, nombre, direccionresidencia, fechanacimiento) values (3, 'Robbi Menichino', '8 Hallows Park', '1997-04-19');
insert into pasajeros (idpasajeros, nombre, direccionresidencia, fechanacimiento) values (4, 'Wendi Seabridge', '63718 Hoard Place', '2010-02-10');
insert into pasajeros (idpasajeros, nombre, direccionresidencia, fechanacimiento) values (5, 'Merrilee Benedict', '742 Haas Street', '2012-08-24');
insert into pasajeros (idpasajeros, nombre, direccionresidencia, fechanacimiento) values (6, 'Bambie Parks', '63 Kennedy Pass', '2012-12-03');
insert into pasajeros (idpasajeros, nombre, direccionresidencia, fechanacimiento) values (7, 'Darb Simenot', '38527 Hansons Drive', '1996-12-19');
insert into pasajeros (idpasajeros, nombre, direccionresidencia, fechanacimiento) values (8, 'Barnard Goly', '0 Bartelt Drive', '2010-10-26');
insert into pasajeros (idpasajeros, nombre, direccionresidencia, fechanacimiento) values (9, 'Anderson Brugemann', '74 Garrison Center', '2018-12-21');
insert into pasajeros (idpasajeros, nombre, direccionresidencia, fechanacimiento) values (10, 'Anson MacLleese', '9220 Trailsway Terrace', '2017-01-16');
insert into pasajeros (idpasajeros, nombre, direccionresidencia, fechanacimiento) values (11, 'Freeland Everton', '31503 Rutledge Way', '2022-04-18');
insert into pasajeros (idpasajeros, nombre, direccionresidencia, fechanacimiento) values (12, 'Dion Govenlock', '37587 Summer Ridge Avenue', '2000-12-30');
insert into pasajeros (idpasajeros, nombre, direccionresidencia, fechanacimiento) values (13, 'Lin Briamo', '5 Bobwhite Center', '2018-09-04');
insert into pasajeros (idpasajeros, nombre, direccionresidencia, fechanacimiento) values (14, 'Margit Jarnell', '39525 American Way', '2019-03-07');
insert into pasajeros (idpasajeros, nombre, direccionresidencia, fechanacimiento) values (15, 'Evan Wife', '62252 Rusk Point', '2014-06-13');
insert into pasajeros (idpasajeros, nombre, direccionresidencia, fechanacimiento) values (16, 'Lonnie Volks', '855 Arizona Circle', '2003-08-07');
insert into pasajeros (idpasajeros, nombre, direccionresidencia, fechanacimiento) values (17, 'Ronni Blumson', '833 Forster Center', '1999-06-01');
insert into pasajeros (idpasajeros, nombre, direccionresidencia, fechanacimiento) values (18, 'Norah Fruchon', '03337 Birchwood Trail', '2008-10-09');
insert into pasajeros (idpasajeros, nombre, direccionresidencia, fechanacimiento) values (19, 'Rania Vlasin', '3 Kinsman Junction', '1995-11-23');
insert into pasajeros (idpasajeros, nombre, direccionresidencia, fechanacimiento) values (20, 'Delcina Maffulli', '8 Dryden Terrace', '2008-08-17');
insert into pasajeros (idpasajeros, nombre, direccionresidencia, fechanacimiento) values (21, 'Krissie Hollier', '10726 Union Junction', '2008-08-21');
insert into pasajeros (idpasajeros, nombre, direccionresidencia, fechanacimiento) values (22, 'Reeta Heinrich', '68081 Vahlen Alley', '2017-11-04');
insert into pasajeros (idpasajeros, nombre, direccionresidencia, fechanacimiento) values (23, 'Fenelia Radborn', '00 Brickson Park Junction', '2023-03-30');
insert into pasajeros (idpasajeros, nombre, direccionresidencia, fechanacimiento) values (24, 'Brenna Kinchlea', '961 Grim Park', '2009-11-03');
insert into pasajeros (idpasajeros, nombre, direccionresidencia, fechanacimiento) values (25, 'Fey Jeffery', '518 Westport Street', '2022-07-03');
insert into pasajeros (idpasajeros, nombre, direccionresidencia, fechanacimiento) values (26, 'Issie Grimolbie', '9478 Hooker Circle', '1995-02-28');
insert into pasajeros (idpasajeros, nombre, direccionresidencia, fechanacimiento) values (27, 'Maurene Glencrash', '5 Bartelt Road', '2010-09-09');
insert into pasajeros (idpasajeros, nombre, direccionresidencia, fechanacimiento) values (28, 'Bruis Cicconetti', '750 Ryan Place', '2014-07-09');
insert into pasajeros (idpasajeros, nombre, direccionresidencia, fechanacimiento) values (29, 'Jody Mumbeson', '89 Helena Circle', '2016-08-09');
insert into pasajeros (idpasajeros, nombre, direccionresidencia, fechanacimiento) values (30, 'Prudence Millmoe', '93809 Brown Park', '2007-05-09');
insert into pasajeros (idpasajeros, nombre, direccionresidencia, fechanacimiento) values (31, 'Hadria MacAindreis', '206 Schlimgen Circle', '2014-01-10');
insert into pasajeros (idpasajeros, nombre, direccionresidencia, fechanacimiento) values (32, 'Lane Raulstone', '626 Gerald Pass', '2002-07-11');
insert into pasajeros (idpasajeros, nombre, direccionresidencia, fechanacimiento) values (33, 'Cathlene Gammons', '8250 Brickson Park Pass', '2008-04-28');
insert into pasajeros (idpasajeros, nombre, direccionresidencia, fechanacimiento) values (34, 'Eloisa Poley', '6 Park Meadow Way', '2012-05-05');
insert into pasajeros (idpasajeros, nombre, direccionresidencia, fechanacimiento) values (35, 'Kermie Blinerman', '2 Anhalt Lane', '1998-07-17');
insert into pasajeros (idpasajeros, nombre, direccionresidencia, fechanacimiento) values (36, 'Sherill Casari', '24 Ryan Park', '2006-02-02');
insert into pasajeros (idpasajeros, nombre, direccionresidencia, fechanacimiento) values (37, 'Maddy Haker', '08 Sage Street', '2003-08-19');
insert into pasajeros (idpasajeros, nombre, direccionresidencia, fechanacimiento) values (38, 'Henderson Snailham', '818 Crowley Parkway', '2009-05-09');
insert into pasajeros (idpasajeros, nombre, direccionresidencia, fechanacimiento) values (39, 'Leif Cobain', '91956 Scott Place', '1996-12-21');
insert into pasajeros (idpasajeros, nombre, direccionresidencia, fechanacimiento) values (40, 'Janine Leupoldt', '9370 Summit Street', '2013-04-20');
insert into pasajeros (idpasajeros, nombre, direccionresidencia, fechanacimiento) values (41, 'Wald Hugill', '0 Sherman Junction', '2018-03-17');
insert into pasajeros (idpasajeros, nombre, direccionresidencia, fechanacimiento) values (42, 'Webster Maile', '7321 Judy Plaza', '2010-12-03');
insert into pasajeros (idpasajeros, nombre, direccionresidencia, fechanacimiento) values (43, 'Payton Arran', '16 Spohn Trail', '2008-08-01');
insert into pasajeros (idpasajeros, nombre, direccionresidencia, fechanacimiento) values (44, 'Rockwell Driutti', '9 Eliot Street', '2013-06-22');
insert into pasajeros (idpasajeros, nombre, direccionresidencia, fechanacimiento) values (45, 'Janice Cornill', '44404 Vermont Junction', '2014-01-01');
insert into pasajeros (idpasajeros, nombre, direccionresidencia, fechanacimiento) values (46, 'Noelyn Barrett', '5 Doe Crossing Hill', '2000-03-15');
insert into pasajeros (idpasajeros, nombre, direccionresidencia, fechanacimiento) values (47, 'Larry Matresse', '31279 Ilene Parkway', '2019-12-15');
insert into pasajeros (idpasajeros, nombre, direccionresidencia, fechanacimiento) values (48, 'Othilia Stiegars', '95695 Thompson Park', '1996-06-10');
insert into pasajeros (idpasajeros, nombre, direccionresidencia, fechanacimiento) values (49, 'Craig Gaul', '22361 Roth Circle', '1999-02-23');
insert into pasajeros (idpasajeros, nombre, direccionresidencia, fechanacimiento) values (50, 'Emogene MacLardie', '1 Dixon Parkway', '2014-06-10');
insert into pasajeros (idpasajeros, nombre, direccionresidencia, fechanacimiento) values (51, 'Ame Gambie', '00 Thackeray Court', '1997-06-10');
insert into pasajeros (idpasajeros, nombre, direccionresidencia, fechanacimiento) values (52, 'Alvina Soal', '0662 Longview Park', '1998-10-15');
insert into pasajeros (idpasajeros, nombre, direccionresidencia, fechanacimiento) values (53, 'Deana Hardman', '0365 Golden Leaf Center', '1995-01-21');
insert into pasajeros (idpasajeros, nombre, direccionresidencia, fechanacimiento) values (54, 'Wenona Hacaud', '1 8th Street', '1999-06-22');
insert into pasajeros (idpasajeros, nombre, direccionresidencia, fechanacimiento) values (55, 'Gavrielle Grayley', '65 Calypso Parkway', '2010-11-07');
insert into pasajeros (idpasajeros, nombre, direccionresidencia, fechanacimiento) values (56, 'Gard Thormann', '4857 Spenser Trail', '2016-10-08');
insert into pasajeros (idpasajeros, nombre, direccionresidencia, fechanacimiento) values (57, 'Maribeth Beaty', '5086 Monument Pass', '2019-06-13');
insert into pasajeros (idpasajeros, nombre, direccionresidencia, fechanacimiento) values (58, 'Noelani Ligoe', '95878 Duke Drive', '2020-10-17');
insert into pasajeros (idpasajeros, nombre, direccionresidencia, fechanacimiento) values (59, 'Niall Toghill', '615 Forster Avenue', '2013-02-05');
insert into pasajeros (idpasajeros, nombre, direccionresidencia, fechanacimiento) values (60, 'Temple Monketon', '48188 Dahle Avenue', '2006-05-29');
insert into pasajeros (idpasajeros, nombre, direccionresidencia, fechanacimiento) values (61, 'Corissa Calbreath', '2 Arrowood Road', '2010-03-24');
insert into pasajeros (idpasajeros, nombre, direccionresidencia, fechanacimiento) values (62, 'Keith Kenwrick', '44 Sherman Point', '2017-11-13');
insert into pasajeros (idpasajeros, nombre, direccionresidencia, fechanacimiento) values (63, 'Cloris Drayson', '93969 Swallow Road', '2013-03-04');
insert into pasajeros (idpasajeros, nombre, direccionresidencia, fechanacimiento) values (64, 'Thayne Paffot', '221 West Road', '2023-03-26');
insert into pasajeros (idpasajeros, nombre, direccionresidencia, fechanacimiento) values (65, 'Jourdan Brunke', '076 Graedel Plaza', '2004-07-31');
insert into pasajeros (idpasajeros, nombre, direccionresidencia, fechanacimiento) values (66, 'Marijn Koschke', '2311 Blue Bill Park Circle', '2014-04-13');
insert into pasajeros (idpasajeros, nombre, direccionresidencia, fechanacimiento) values (67, 'Mackenzie Meacher', '5803 Sage Parkway', '2009-11-19');
insert into pasajeros (idpasajeros, nombre, direccionresidencia, fechanacimiento) values (68, 'Milli Bremond', '67 7th Pass', '2015-02-10');
insert into pasajeros (idpasajeros, nombre, direccionresidencia, fechanacimiento) values (69, 'Gerald Heaselgrave', '3072 Magdeline Court', '2023-04-24');
insert into pasajeros (idpasajeros, nombre, direccionresidencia, fechanacimiento) values (70, 'Asa Donnison', '4255 New Castle Road', '2006-06-05');
insert into pasajeros (idpasajeros, nombre, direccionresidencia, fechanacimiento) values (71, 'Velma Worgen', '380 Scoville Center', '2010-02-17');
insert into pasajeros (idpasajeros, nombre, direccionresidencia, fechanacimiento) values (72, 'Reta Rubinowicz', '3273 Menomonie Street', '2000-03-14');
insert into pasajeros (idpasajeros, nombre, direccionresidencia, fechanacimiento) values (73, 'Noble Cristofano', '0536 Derek Hill', '2013-12-02');
insert into pasajeros (idpasajeros, nombre, direccionresidencia, fechanacimiento) values (74, 'Jeane Purviss', '4464 Novick Parkway', '1999-04-27');
insert into pasajeros (idpasajeros, nombre, direccionresidencia, fechanacimiento) values (75, 'Lorenza Crookall', '9629 Almo Alley', '2019-12-26');
insert into pasajeros (idpasajeros, nombre, direccionresidencia, fechanacimiento) values (76, 'Emeline Ghidoli', '98425 8th Parkway', '2005-03-04');
insert into pasajeros (idpasajeros, nombre, direccionresidencia, fechanacimiento) values (77, 'Rowen McKeevers', '86117 South Park', '2010-12-13');
insert into pasajeros (idpasajeros, nombre, direccionresidencia, fechanacimiento) values (78, 'Sukey Cadamy', '90 Mcguire Drive', '2021-10-05');
insert into pasajeros (idpasajeros, nombre, direccionresidencia, fechanacimiento) values (79, 'Rutledge Wingfield', '5 Union Drive', '2015-05-25');
insert into pasajeros (idpasajeros, nombre, direccionresidencia, fechanacimiento) values (80, 'Jeramey Gainsboro', '2 Schiller Junction', '1999-08-14');
insert into pasajeros (idpasajeros, nombre, direccionresidencia, fechanacimiento) values (81, 'Lorry Nettles', '0 Manley Road', '2003-04-23');
insert into pasajeros (idpasajeros, nombre, direccionresidencia, fechanacimiento) values (82, 'Leah Glen', '70 Hanover Alley', '2008-08-10');
insert into pasajeros (idpasajeros, nombre, direccionresidencia, fechanacimiento) values (83, 'Frasquito Kent', '9 Scofield Plaza', '2011-05-28');
insert into pasajeros (idpasajeros, nombre, direccionresidencia, fechanacimiento) values (84, 'Rutter Locard', '22025 Tomscot Lane', '2017-01-08');
insert into pasajeros (idpasajeros, nombre, direccionresidencia, fechanacimiento) values (85, 'Mikaela Bletsor', '3 Victoria Avenue', '2012-09-26');
insert into pasajeros (idpasajeros, nombre, direccionresidencia, fechanacimiento) values (86, 'Lanna Paik', '5 Northfield Trail', '2006-11-23');
insert into pasajeros (idpasajeros, nombre, direccionresidencia, fechanacimiento) values (87, 'Anne Charlet', '16655 Graedel Street', '2017-01-17');
insert into pasajeros (idpasajeros, nombre, direccionresidencia, fechanacimiento) values (88, 'Sharleen Worcs', '21 Hazelcrest Parkway', '2021-04-15');
insert into pasajeros (idpasajeros, nombre, direccionresidencia, fechanacimiento) values (89, 'Roman Carvell', '918 Pawling Parkway', '2020-08-31');
insert into pasajeros (idpasajeros, nombre, direccionresidencia, fechanacimiento) values (90, 'Corbin Izacenko', '45619 Clove Point', '2022-07-11');
insert into pasajeros (idpasajeros, nombre, direccionresidencia, fechanacimiento) values (91, 'Karl Whorf', '5 Drewry Parkway', '2010-05-17');
insert into pasajeros (idpasajeros, nombre, direccionresidencia, fechanacimiento) values (92, 'Pammi Snary', '6 Golden Leaf Junction', '2022-01-21');
insert into pasajeros (idpasajeros, nombre, direccionresidencia, fechanacimiento) values (93, 'Samara Halpeine', '738 Fremont Plaza', '2008-08-19');
insert into pasajeros (idpasajeros, nombre, direccionresidencia, fechanacimiento) values (94, 'Louisette Whisby', '391 Hermina Point', '2015-08-18');
insert into pasajeros (idpasajeros, nombre, direccionresidencia, fechanacimiento) values (95, 'Cicily Elvish', '260 Butternut Hill', '2008-04-04');
insert into pasajeros (idpasajeros, nombre, direccionresidencia, fechanacimiento) values (96, 'Hunfredo Dargue', '231 Maple Circle', '2018-02-12');
insert into pasajeros (idpasajeros, nombre, direccionresidencia, fechanacimiento) values (97, 'Jemimah Rizzardini', '2 Kennedy Alley', '2010-02-02');
insert into pasajeros (idpasajeros, nombre, direccionresidencia, fechanacimiento) values (98, 'Lawry Lightewood', '06573 Shopko Street', '2009-09-07');
insert into pasajeros (idpasajeros, nombre, direccionresidencia, fechanacimiento) values (99, 'Damara Nuzzetti', '98180 Prairie Rose Drive', '1998-12-17');
insert into pasajeros (idpasajeros, nombre, direccionresidencia, fechanacimiento) values (100, 'Lynnet Graeme', '1386 Anderson Pass', '1996-08-21');

------------- Inserción de Datos Trenes ------------- 
insert into trenes (idtrenes, modelo, capacidad) values (1, '911', 200);
insert into trenes (idtrenes, modelo, capacidad) values (2, 'Cabriolet', 344);
insert into trenes (idtrenes, modelo, capacidad) values (3, 'Express 2500', 15);
insert into trenes (idtrenes, modelo, capacidad) values (4, 'Silverado 1500', 277);
insert into trenes (idtrenes, modelo, capacidad) values (5, 'Miata MX-5', 106);
insert into trenes (idtrenes, modelo, capacidad) values (6, 'Ranger', 249);
insert into trenes (idtrenes, modelo, capacidad) values (7, 'Savana 3500', 436);
insert into trenes (idtrenes, modelo, capacidad) values (8, 'Oasis', 195);
insert into trenes (idtrenes, modelo, capacidad) values (9, '500SEL', 456);
insert into trenes (idtrenes, modelo, capacidad) values (10, 'V70', 115);
insert into trenes (idtrenes, modelo, capacidad) values (11, 'SSR', 337);
insert into trenes (idtrenes, modelo, capacidad) values (12, 'Santa Fe', 162);
insert into trenes (idtrenes, modelo, capacidad) values (13, 'RDX', 141);
insert into trenes (idtrenes, modelo, capacidad) values (14, '200SX', 369);
insert into trenes (idtrenes, modelo, capacidad) values (15, 'Aerostar', 464);
insert into trenes (idtrenes, modelo, capacidad) values (16, 'Taurus', 268);
insert into trenes (idtrenes, modelo, capacidad) values (17, 'Prowler', 329);
insert into trenes (idtrenes, modelo, capacidad) values (18, 'Accord', 195);
insert into trenes (idtrenes, modelo, capacidad) values (19, 'V70', 32);
insert into trenes (idtrenes, modelo, capacidad) values (20, 'VUE', 410);
insert into trenes (idtrenes, modelo, capacidad) values (21, 'Escalade EXT', 91);
insert into trenes (idtrenes, modelo, capacidad) values (22, 'Lumina', 354);
insert into trenes (idtrenes, modelo, capacidad) values (23, 'C8 Spyder Wide Body', 85);
insert into trenes (idtrenes, modelo, capacidad) values (24, '400E', 416);
insert into trenes (idtrenes, modelo, capacidad) values (25, 'Town & Country', 20);
insert into trenes (idtrenes, modelo, capacidad) values (26, 'GS', 106);
insert into trenes (idtrenes, modelo, capacidad) values (27, 'Range Rover', 62);
insert into trenes (idtrenes, modelo, capacidad) values (28, 'Accord Crosstour', 88);
insert into trenes (idtrenes, modelo, capacidad) values (29, 'Continental GTC', 19);
insert into trenes (idtrenes, modelo, capacidad) values (30, '7 Series', 103);
insert into trenes (idtrenes, modelo, capacidad) values (31, 'Escalade EXT', 336);
insert into trenes (idtrenes, modelo, capacidad) values (32, 'Sedona', 421);
insert into trenes (idtrenes, modelo, capacidad) values (33, 'A4', 139);
insert into trenes (idtrenes, modelo, capacidad) values (34, 'Phantom', 305);
insert into trenes (idtrenes, modelo, capacidad) values (35, 'Quattroporte', 322);
insert into trenes (idtrenes, modelo, capacidad) values (36, 'DB9', 234);
insert into trenes (idtrenes, modelo, capacidad) values (37, 'Savana 1500', 354);
insert into trenes (idtrenes, modelo, capacidad) values (38, 'E150', 256);
insert into trenes (idtrenes, modelo, capacidad) values (39, 'Prelude', 215);
insert into trenes (idtrenes, modelo, capacidad) values (40, 'Rabbit', 210);
insert into trenes (idtrenes, modelo, capacidad) values (41, 'Protege', 81);
insert into trenes (idtrenes, modelo, capacidad) values (42, 'Sienna', 85);
insert into trenes (idtrenes, modelo, capacidad) values (43, 'Sonata', 418);
insert into trenes (idtrenes, modelo, capacidad) values (44, 'Land Cruiser', 208);
insert into trenes (idtrenes, modelo, capacidad) values (45, 'S40', 438);
insert into trenes (idtrenes, modelo, capacidad) values (46, 'Sedona', 499);
insert into trenes (idtrenes, modelo, capacidad) values (47, 'Pathfinder', 276);
insert into trenes (idtrenes, modelo, capacidad) values (48, '5 Series', 119);
insert into trenes (idtrenes, modelo, capacidad) values (49, 'S-Class', 480);
insert into trenes (idtrenes, modelo, capacidad) values (50, 'Allante', 394);
insert into trenes (idtrenes, modelo, capacidad) values (51, 'Contour', 441);
insert into trenes (idtrenes, modelo, capacidad) values (52, '5000S', 168);
insert into trenes (idtrenes, modelo, capacidad) values (53, '98', 186);
insert into trenes (idtrenes, modelo, capacidad) values (54, '190E', 384);
insert into trenes (idtrenes, modelo, capacidad) values (55, 'Town Car', 431);
insert into trenes (idtrenes, modelo, capacidad) values (56, 'Savana', 338);
insert into trenes (idtrenes, modelo, capacidad) values (57, '7 Series', 448);
insert into trenes (idtrenes, modelo, capacidad) values (58, 'Savana', 406);
insert into trenes (idtrenes, modelo, capacidad) values (59, 'Sable', 287);
insert into trenes (idtrenes, modelo, capacidad) values (60, 'Sportvan G30', 199);
insert into trenes (idtrenes, modelo, capacidad) values (61, 'XC60', 422);
insert into trenes (idtrenes, modelo, capacidad) values (62, 'Corolla', 223);
insert into trenes (idtrenes, modelo, capacidad) values (63, 'Prius', 261);
insert into trenes (idtrenes, modelo, capacidad) values (64, 'SX4', 162);
insert into trenes (idtrenes, modelo, capacidad) values (65, 'Probe', 23);
insert into trenes (idtrenes, modelo, capacidad) values (66, 'C8', 438);
insert into trenes (idtrenes, modelo, capacidad) values (67, 'Tracer', 305);
insert into trenes (idtrenes, modelo, capacidad) values (68, 'LX', 270);
insert into trenes (idtrenes, modelo, capacidad) values (69, 'Ram 3500 Club', 249);
insert into trenes (idtrenes, modelo, capacidad) values (70, 'E350', 88);
insert into trenes (idtrenes, modelo, capacidad) values (71, 'F350', 263);
insert into trenes (idtrenes, modelo, capacidad) values (72, 'Rio', 499);
insert into trenes (idtrenes, modelo, capacidad) values (73, 'A8', 156);
insert into trenes (idtrenes, modelo, capacidad) values (74, 'Yukon XL 2500', 276);
insert into trenes (idtrenes, modelo, capacidad) values (75, 'B2000', 133);
insert into trenes (idtrenes, modelo, capacidad) values (76, 'S4', 38);
insert into trenes (idtrenes, modelo, capacidad) values (77, 'Trans Sport', 127);
insert into trenes (idtrenes, modelo, capacidad) values (78, '626', 29);
insert into trenes (idtrenes, modelo, capacidad) values (79, 'B-Series', 24);
insert into trenes (idtrenes, modelo, capacidad) values (80, 'Continental Mark VII', 321);
insert into trenes (idtrenes, modelo, capacidad) values (81, 'E-Series', 251);
insert into trenes (idtrenes, modelo, capacidad) values (82, 'Accord', 33);
insert into trenes (idtrenes, modelo, capacidad) values (83, 'Ranger', 469);
insert into trenes (idtrenes, modelo, capacidad) values (84, 'Sierra', 120);
insert into trenes (idtrenes, modelo, capacidad) values (85, 'Interceptor', 141);
insert into trenes (idtrenes, modelo, capacidad) values (86, 'XL-7', 227);
insert into trenes (idtrenes, modelo, capacidad) values (87, 'Express 3500', 43);
insert into trenes (idtrenes, modelo, capacidad) values (88, '100', 409);
insert into trenes (idtrenes, modelo, capacidad) values (89, 'Suburban 1500', 137);
insert into trenes (idtrenes, modelo, capacidad) values (90, 'Alcyone SVX', 430);
insert into trenes (idtrenes, modelo, capacidad) values (91, 'Ram Wagon B150', 446);
insert into trenes (idtrenes, modelo, capacidad) values (92, 'XJ Series', 97);
insert into trenes (idtrenes, modelo, capacidad) values (93, 'Crown Victoria', 343);
insert into trenes (idtrenes, modelo, capacidad) values (94, 'Galant', 493);
insert into trenes (idtrenes, modelo, capacidad) values (95, 'Skylark', 15);
insert into trenes (idtrenes, modelo, capacidad) values (96, 'Sienna', 7);
insert into trenes (idtrenes, modelo, capacidad) values (97, 'Bonneville', 220);
insert into trenes (idtrenes, modelo, capacidad) values (98, 'Esperante', 411);
insert into trenes (idtrenes, modelo, capacidad) values (99, 'Land Cruiser', 228);
insert into trenes (idtrenes, modelo, capacidad) values (100, 'X3', 466);

------------- Inserción de Datos Trayectos ------------- 
insert into trayectos (idtrayectos, idestacion, idtren) values (1, 98, 24);
insert into trayectos (idtrayectos, idestacion, idtren) values (2, 90, 10);
insert into trayectos (idtrayectos, idestacion, idtren) values (3, 86, 6);
insert into trayectos (idtrayectos, idestacion, idtren) values (4, 100, 63);
insert into trayectos (idtrayectos, idestacion, idtren) values (5, 4, 22);
insert into trayectos (idtrayectos, idestacion, idtren) values (6, 93, 25);
insert into trayectos (idtrayectos, idestacion, idtren) values (7, 16, 22);
insert into trayectos (idtrayectos, idestacion, idtren) values (8, 40, 38);
insert into trayectos (idtrayectos, idestacion, idtren) values (9, 25, 52);
insert into trayectos (idtrayectos, idestacion, idtren) values (10, 25, 29);
insert into trayectos (idtrayectos, idestacion, idtren) values (11, 46, 62);
insert into trayectos (idtrayectos, idestacion, idtren) values (12, 83, 20);
insert into trayectos (idtrayectos, idestacion, idtren) values (13, 15, 27);
insert into trayectos (idtrayectos, idestacion, idtren) values (14, 10, 67);
insert into trayectos (idtrayectos, idestacion, idtren) values (15, 100, 37);
insert into trayectos (idtrayectos, idestacion, idtren) values (16, 54, 34);
insert into trayectos (idtrayectos, idestacion, idtren) values (17, 47, 90);
insert into trayectos (idtrayectos, idestacion, idtren) values (18, 46, 41);
insert into trayectos (idtrayectos, idestacion, idtren) values (19, 15, 74);
insert into trayectos (idtrayectos, idestacion, idtren) values (20, 18, 66);
insert into trayectos (idtrayectos, idestacion, idtren) values (21, 3, 8);
insert into trayectos (idtrayectos, idestacion, idtren) values (22, 85, 69);
insert into trayectos (idtrayectos, idestacion, idtren) values (23, 7, 82);
insert into trayectos (idtrayectos, idestacion, idtren) values (24, 77, 85);
insert into trayectos (idtrayectos, idestacion, idtren) values (25, 28, 91);
insert into trayectos (idtrayectos, idestacion, idtren) values (26, 88, 24);
insert into trayectos (idtrayectos, idestacion, idtren) values (27, 53, 91);
insert into trayectos (idtrayectos, idestacion, idtren) values (28, 82, 59);
insert into trayectos (idtrayectos, idestacion, idtren) values (29, 82, 59);
insert into trayectos (idtrayectos, idestacion, idtren) values (30, 4, 65);
insert into trayectos (idtrayectos, idestacion, idtren) values (31, 4, 18);
insert into trayectos (idtrayectos, idestacion, idtren) values (32, 52, 18);
insert into trayectos (idtrayectos, idestacion, idtren) values (33, 97, 33);
insert into trayectos (idtrayectos, idestacion, idtren) values (34, 18, 14);
insert into trayectos (idtrayectos, idestacion, idtren) values (35, 11, 37);
insert into trayectos (idtrayectos, idestacion, idtren) values (36, 95, 16);
insert into trayectos (idtrayectos, idestacion, idtren) values (37, 92, 31);
insert into trayectos (idtrayectos, idestacion, idtren) values (38, 81, 97);
insert into trayectos (idtrayectos, idestacion, idtren) values (39, 20, 17);
insert into trayectos (idtrayectos, idestacion, idtren) values (40, 85, 63);
insert into trayectos (idtrayectos, idestacion, idtren) values (41, 68, 29);
insert into trayectos (idtrayectos, idestacion, idtren) values (42, 76, 43);
insert into trayectos (idtrayectos, idestacion, idtren) values (43, 64, 42);
insert into trayectos (idtrayectos, idestacion, idtren) values (44, 68, 13);
insert into trayectos (idtrayectos, idestacion, idtren) values (45, 33, 4);
insert into trayectos (idtrayectos, idestacion, idtren) values (46, 96, 46);
insert into trayectos (idtrayectos, idestacion, idtren) values (47, 72, 81);
insert into trayectos (idtrayectos, idestacion, idtren) values (48, 14, 99);
insert into trayectos (idtrayectos, idestacion, idtren) values (49, 46, 82);
insert into trayectos (idtrayectos, idestacion, idtren) values (50, 35, 31);
insert into trayectos (idtrayectos, idestacion, idtren) values (51, 45, 10);
insert into trayectos (idtrayectos, idestacion, idtren) values (52, 87, 35);
insert into trayectos (idtrayectos, idestacion, idtren) values (53, 29, 75);
insert into trayectos (idtrayectos, idestacion, idtren) values (54, 13, 66);
insert into trayectos (idtrayectos, idestacion, idtren) values (55, 30, 8);
insert into trayectos (idtrayectos, idestacion, idtren) values (56, 8, 87);
insert into trayectos (idtrayectos, idestacion, idtren) values (57, 88, 28);
insert into trayectos (idtrayectos, idestacion, idtren) values (58, 86, 7);
insert into trayectos (idtrayectos, idestacion, idtren) values (59, 99, 58);
insert into trayectos (idtrayectos, idestacion, idtren) values (60, 8, 79);
insert into trayectos (idtrayectos, idestacion, idtren) values (61, 1, 64);
insert into trayectos (idtrayectos, idestacion, idtren) values (62, 47, 56);
insert into trayectos (idtrayectos, idestacion, idtren) values (63, 100, 34);
insert into trayectos (idtrayectos, idestacion, idtren) values (64, 13, 64);
insert into trayectos (idtrayectos, idestacion, idtren) values (65, 89, 1);
insert into trayectos (idtrayectos, idestacion, idtren) values (66, 82, 96);
insert into trayectos (idtrayectos, idestacion, idtren) values (67, 44, 95);
insert into trayectos (idtrayectos, idestacion, idtren) values (68, 54, 33);
insert into trayectos (idtrayectos, idestacion, idtren) values (69, 97, 55);
insert into trayectos (idtrayectos, idestacion, idtren) values (70, 52, 13);
insert into trayectos (idtrayectos, idestacion, idtren) values (71, 19, 7);
insert into trayectos (idtrayectos, idestacion, idtren) values (72, 46, 23);
insert into trayectos (idtrayectos, idestacion, idtren) values (73, 12, 40);
insert into trayectos (idtrayectos, idestacion, idtren) values (74, 89, 32);
insert into trayectos (idtrayectos, idestacion, idtren) values (75, 9, 56);
insert into trayectos (idtrayectos, idestacion, idtren) values (76, 72, 57);
insert into trayectos (idtrayectos, idestacion, idtren) values (77, 93, 33);
insert into trayectos (idtrayectos, idestacion, idtren) values (78, 52, 10);
insert into trayectos (idtrayectos, idestacion, idtren) values (79, 43, 55);
insert into trayectos (idtrayectos, idestacion, idtren) values (80, 73, 66);
insert into trayectos (idtrayectos, idestacion, idtren) values (81, 90, 59);
insert into trayectos (idtrayectos, idestacion, idtren) values (82, 82, 14);
insert into trayectos (idtrayectos, idestacion, idtren) values (83, 27, 88);
insert into trayectos (idtrayectos, idestacion, idtren) values (84, 88, 67);
insert into trayectos (idtrayectos, idestacion, idtren) values (85, 20, 41);
insert into trayectos (idtrayectos, idestacion, idtren) values (86, 14, 9);
insert into trayectos (idtrayectos, idestacion, idtren) values (87, 35, 94);
insert into trayectos (idtrayectos, idestacion, idtren) values (88, 59, 27);
insert into trayectos (idtrayectos, idestacion, idtren) values (89, 11, 81);
insert into trayectos (idtrayectos, idestacion, idtren) values (90, 48, 41);
insert into trayectos (idtrayectos, idestacion, idtren) values (91, 73, 76);
insert into trayectos (idtrayectos, idestacion, idtren) values (92, 78, 47);
insert into trayectos (idtrayectos, idestacion, idtren) values (93, 43, 50);
insert into trayectos (idtrayectos, idestacion, idtren) values (94, 76, 13);
insert into trayectos (idtrayectos, idestacion, idtren) values (95, 3, 90);
insert into trayectos (idtrayectos, idestacion, idtren) values (96, 96, 16);
insert into trayectos (idtrayectos, idestacion, idtren) values (97, 28, 44);
insert into trayectos (idtrayectos, idestacion, idtren) values (98, 95, 79);
insert into trayectos (idtrayectos, idestacion, idtren) values (99, 56, 90);
insert into trayectos (idtrayectos, idestacion, idtren) values (100, 47, 42);

------------- Inserción de Datos Viajes ------------- 
insert into viajes (idviajes, idpasajero, idtrayecto, inicio, fin) values (1, 9, 54, '8:12', '18:57');
insert into viajes (idviajes, idpasajero, idtrayecto, inicio, fin) values (2, 89, 32, '23:55', '7:17');
insert into viajes (idviajes, idpasajero, idtrayecto, inicio, fin) values (3, 82, 41, '11:41', '13:54');
insert into viajes (idviajes, idpasajero, idtrayecto, inicio, fin) values (4, 55, 56, '20:11', '9:12');
insert into viajes (idviajes, idpasajero, idtrayecto, inicio, fin) values (5, 96, 82, '7:55', '14:22');
insert into viajes (idviajes, idpasajero, idtrayecto, inicio, fin) values (6, 80, 43, '20:06', '16:22');
insert into viajes (idviajes, idpasajero, idtrayecto, inicio, fin) values (7, 39, 94, '2:04', '5:40');
insert into viajes (idviajes, idpasajero, idtrayecto, inicio, fin) values (8, 57, 14, '11:46', '22:28');
insert into viajes (idviajes, idpasajero, idtrayecto, inicio, fin) values (9, 41, 92, '6:58', '3:14');
insert into viajes (idviajes, idpasajero, idtrayecto, inicio, fin) values (10, 41, 60, '0:48', '10:31');
insert into viajes (idviajes, idpasajero, idtrayecto, inicio, fin) values (11, 17, 49, '0:09', '11:05');
insert into viajes (idviajes, idpasajero, idtrayecto, inicio, fin) values (12, 95, 30, '14:50', '17:42');
insert into viajes (idviajes, idpasajero, idtrayecto, inicio, fin) values (13, 69, 81, '22:19', '22:58');
insert into viajes (idviajes, idpasajero, idtrayecto, inicio, fin) values (14, 92, 81, '7:44', '9:17');
insert into viajes (idviajes, idpasajero, idtrayecto, inicio, fin) values (15, 64, 27, '6:04', '0:43');
insert into viajes (idviajes, idpasajero, idtrayecto, inicio, fin) values (16, 83, 86, '13:12', '9:27');
insert into viajes (idviajes, idpasajero, idtrayecto, inicio, fin) values (17, 54, 50, '23:49', '5:09');
insert into viajes (idviajes, idpasajero, idtrayecto, inicio, fin) values (18, 59, 26, '5:37', '3:20');
insert into viajes (idviajes, idpasajero, idtrayecto, inicio, fin) values (19, 54, 53, '20:48', '19:19');
insert into viajes (idviajes, idpasajero, idtrayecto, inicio, fin) values (20, 11, 26, '6:32', '9:50');
insert into viajes (idviajes, idpasajero, idtrayecto, inicio, fin) values (21, 80, 88, '8:50', '18:54');
insert into viajes (idviajes, idpasajero, idtrayecto, inicio, fin) values (22, 14, 51, '22:51', '5:42');
insert into viajes (idviajes, idpasajero, idtrayecto, inicio, fin) values (23, 48, 65, '8:12', '19:08');
insert into viajes (idviajes, idpasajero, idtrayecto, inicio, fin) values (24, 32, 98, '20:52', '14:02');
insert into viajes (idviajes, idpasajero, idtrayecto, inicio, fin) values (25, 14, 92, '1:41', '0:19');
insert into viajes (idviajes, idpasajero, idtrayecto, inicio, fin) values (26, 23, 46, '8:02', '11:48');
insert into viajes (idviajes, idpasajero, idtrayecto, inicio, fin) values (27, 54, 28, '14:42', '7:42');
insert into viajes (idviajes, idpasajero, idtrayecto, inicio, fin) values (28, 18, 39, '13:52', '5:50');
insert into viajes (idviajes, idpasajero, idtrayecto, inicio, fin) values (29, 19, 14, '17:12', '4:24');
insert into viajes (idviajes, idpasajero, idtrayecto, inicio, fin) values (30, 5, 16, '6:16', '8:00');
insert into viajes (idviajes, idpasajero, idtrayecto, inicio, fin) values (31, 3, 74, '2:43', '13:10');
insert into viajes (idviajes, idpasajero, idtrayecto, inicio, fin) values (32, 9, 66, '4:38', '6:34');
insert into viajes (idviajes, idpasajero, idtrayecto, inicio, fin) values (33, 54, 56, '12:55', '0:18');
insert into viajes (idviajes, idpasajero, idtrayecto, inicio, fin) values (34, 65, 61, '2:33', '23:14');
insert into viajes (idviajes, idpasajero, idtrayecto, inicio, fin) values (35, 68, 95, '4:56', '21:39');
insert into viajes (idviajes, idpasajero, idtrayecto, inicio, fin) values (36, 94, 10, '1:06', '2:10');
insert into viajes (idviajes, idpasajero, idtrayecto, inicio, fin) values (37, 81, 59, '22:09', '18:32');
insert into viajes (idviajes, idpasajero, idtrayecto, inicio, fin) values (38, 58, 37, '12:06', '1:37');
insert into viajes (idviajes, idpasajero, idtrayecto, inicio, fin) values (39, 73, 18, '1:29', '21:24');
insert into viajes (idviajes, idpasajero, idtrayecto, inicio, fin) values (40, 26, 6, '18:09', '14:54');
insert into viajes (idviajes, idpasajero, idtrayecto, inicio, fin) values (41, 100, 78, '17:20', '19:01');
insert into viajes (idviajes, idpasajero, idtrayecto, inicio, fin) values (42, 59, 8, '20:25', '19:36');
insert into viajes (idviajes, idpasajero, idtrayecto, inicio, fin) values (43, 62, 85, '9:06', '1:47');
insert into viajes (idviajes, idpasajero, idtrayecto, inicio, fin) values (44, 32, 35, '18:40', '21:58');
insert into viajes (idviajes, idpasajero, idtrayecto, inicio, fin) values (45, 36, 47, '3:19', '1:17');
insert into viajes (idviajes, idpasajero, idtrayecto, inicio, fin) values (46, 46, 26, '21:03', '0:05');
insert into viajes (idviajes, idpasajero, idtrayecto, inicio, fin) values (47, 54, 79, '20:26', '19:01');
insert into viajes (idviajes, idpasajero, idtrayecto, inicio, fin) values (48, 100, 13, '9:08', '13:33');
insert into viajes (idviajes, idpasajero, idtrayecto, inicio, fin) values (49, 43, 13, '20:00', '5:17');
insert into viajes (idviajes, idpasajero, idtrayecto, inicio, fin) values (50, 73, 26, '10:54', '8:00');
insert into viajes (idviajes, idpasajero, idtrayecto, inicio, fin) values (51, 7, 66, '19:41', '11:02');
insert into viajes (idviajes, idpasajero, idtrayecto, inicio, fin) values (52, 3, 26, '12:50', '22:51');
insert into viajes (idviajes, idpasajero, idtrayecto, inicio, fin) values (53, 4, 61, '5:10', '4:01');
insert into viajes (idviajes, idpasajero, idtrayecto, inicio, fin) values (54, 69, 64, '20:54', '21:26');
insert into viajes (idviajes, idpasajero, idtrayecto, inicio, fin) values (55, 59, 18, '10:10', '16:58');
insert into viajes (idviajes, idpasajero, idtrayecto, inicio, fin) values (56, 52, 45, '3:50', '0:57');
insert into viajes (idviajes, idpasajero, idtrayecto, inicio, fin) values (57, 27, 73, '21:33', '4:48');
insert into viajes (idviajes, idpasajero, idtrayecto, inicio, fin) values (58, 13, 4, '12:56', '4:08');
insert into viajes (idviajes, idpasajero, idtrayecto, inicio, fin) values (59, 97, 49, '12:53', '11:52');
insert into viajes (idviajes, idpasajero, idtrayecto, inicio, fin) values (60, 46, 4, '21:13', '22:11');
insert into viajes (idviajes, idpasajero, idtrayecto, inicio, fin) values (61, 69, 49, '21:56', '19:46');
insert into viajes (idviajes, idpasajero, idtrayecto, inicio, fin) values (62, 49, 63, '13:32', '21:19');
insert into viajes (idviajes, idpasajero, idtrayecto, inicio, fin) values (63, 10, 65, '4:00', '15:23');
insert into viajes (idviajes, idpasajero, idtrayecto, inicio, fin) values (64, 57, 34, '7:07', '16:35');
insert into viajes (idviajes, idpasajero, idtrayecto, inicio, fin) values (65, 87, 26, '18:36', '2:59');
insert into viajes (idviajes, idpasajero, idtrayecto, inicio, fin) values (66, 28, 6, '12:25', '20:15');
insert into viajes (idviajes, idpasajero, idtrayecto, inicio, fin) values (67, 62, 45, '11:22', '18:41');
insert into viajes (idviajes, idpasajero, idtrayecto, inicio, fin) values (68, 55, 51, '23:11', '12:16');
insert into viajes (idviajes, idpasajero, idtrayecto, inicio, fin) values (69, 61, 42, '1:07', '11:01');
insert into viajes (idviajes, idpasajero, idtrayecto, inicio, fin) values (70, 45, 56, '0:26', '23:20');
insert into viajes (idviajes, idpasajero, idtrayecto, inicio, fin) values (71, 31, 50, '22:48', '19:24');
insert into viajes (idviajes, idpasajero, idtrayecto, inicio, fin) values (72, 38, 75, '20:19', '9:20');
insert into viajes (idviajes, idpasajero, idtrayecto, inicio, fin) values (73, 55, 96, '2:30', '4:00');
insert into viajes (idviajes, idpasajero, idtrayecto, inicio, fin) values (74, 85, 76, '23:18', '10:41');
insert into viajes (idviajes, idpasajero, idtrayecto, inicio, fin) values (75, 58, 81, '16:38', '11:24');
insert into viajes (idviajes, idpasajero, idtrayecto, inicio, fin) values (76, 54, 44, '19:40', '18:32');
insert into viajes (idviajes, idpasajero, idtrayecto, inicio, fin) values (77, 97, 10, '13:19', '20:12');
insert into viajes (idviajes, idpasajero, idtrayecto, inicio, fin) values (78, 42, 30, '20:48', '3:17');
insert into viajes (idviajes, idpasajero, idtrayecto, inicio, fin) values (79, 14, 60, '0:24', '15:20');
insert into viajes (idviajes, idpasajero, idtrayecto, inicio, fin) values (80, 39, 2, '19:51', '23:16');
insert into viajes (idviajes, idpasajero, idtrayecto, inicio, fin) values (81, 78, 19, '12:51', '10:09');
insert into viajes (idviajes, idpasajero, idtrayecto, inicio, fin) values (82, 1, 42, '0:15', '11:13');
insert into viajes (idviajes, idpasajero, idtrayecto, inicio, fin) values (83, 51, 15, '18:34', '13:58');
insert into viajes (idviajes, idpasajero, idtrayecto, inicio, fin) values (84, 88, 50, '22:42', '18:57');
insert into viajes (idviajes, idpasajero, idtrayecto, inicio, fin) values (85, 41, 53, '12:54', '7:56');
insert into viajes (idviajes, idpasajero, idtrayecto, inicio, fin) values (86, 90, 8, '10:02', '22:07');
insert into viajes (idviajes, idpasajero, idtrayecto, inicio, fin) values (87, 35, 48, '5:15', '18:12');
insert into viajes (idviajes, idpasajero, idtrayecto, inicio, fin) values (88, 99, 80, '0:18', '23:16');
insert into viajes (idviajes, idpasajero, idtrayecto, inicio, fin) values (89, 21, 90, '6:57', '15:00');
insert into viajes (idviajes, idpasajero, idtrayecto, inicio, fin) values (90, 6, 82, '5:46', '1:02');
insert into viajes (idviajes, idpasajero, idtrayecto, inicio, fin) values (91, 2, 86, '15:06', '16:32');
insert into viajes (idviajes, idpasajero, idtrayecto, inicio, fin) values (92, 73, 43, '14:52', '8:21');
insert into viajes (idviajes, idpasajero, idtrayecto, inicio, fin) values (93, 66, 32, '18:17', '19:06');
insert into viajes (idviajes, idpasajero, idtrayecto, inicio, fin) values (94, 6, 31, '3:16', '14:40');
insert into viajes (idviajes, idpasajero, idtrayecto, inicio, fin) values (95, 66, 27, '5:31', '5:11');
insert into viajes (idviajes, idpasajero, idtrayecto, inicio, fin) values (96, 44, 96, '17:44', '6:05');
insert into viajes (idviajes, idpasajero, idtrayecto, inicio, fin) values (97, 35, 6, '10:02', '19:05');
insert into viajes (idviajes, idpasajero, idtrayecto, inicio, fin) values (98, 99, 5, '18:02', '12:44');
insert into viajes (idviajes, idpasajero, idtrayecto, inicio, fin) values (99, 54, 32, '21:54', '6:47');
insert into viajes (idviajes, idpasajero, idtrayecto, inicio, fin) values (100, 67, 20, '12:28', '12:02');